﻿<?xml version="1.0" encoding="utf-8" ?>

<CATALOG>
   <book>
    <name>Don Quixote </name>
    <published>1605</published>
    <author>Miguel De Cervantes</author>
  </book>
  <book>
    <name>A Tale of Two Cities</name>
    <published>1859</published>
    <author>Charles Dickens</author>
  </book>
  <book>
    <name>The Lord of the Rings </name>
    <published>1954</published>
    <author>J.R.R. Tolkien</author>
  </book>
  <book>
    <name>The Little Prince </name>
    <published>1943</published>
    <author>Antoine De Saint-Exupery</author>
  </book>
  <book>
    <name>Harry Potter and the Sorcerer's Stone</name>
    <published>1997</published>
    <author>J.K. Rowling</author>
  </book>
  <book>
    <name>And Then There Were None</name>
    <published>1939</published>
    <author>Agatha Christie</author>
  </book>
  <book>
    <name>The Hobbit</name>
    <published>1937</published>
    <author>J.R.R. Tolkien</author>
  </book>
  <book>
    <name>Alice's Adventures in Wonderland</name>
    <published>1865</published>
    <author>Lewis Carroll</author>
  </book>
  <book>
    <name>The Lion, The Witch, and The Wardrobe</name>
    <published>1950</published>
    <author>C.S Lewis</author>
  </book>
  <book>
    <name>She:A History Of Adventure</name>
    <published>1887</published>
    <author>H. Rider Haggard</author>
  </book>
</CATALOG>